term	count
trump	3834
iran	3794
war	1782
says	1644
state	1203
texas	1119
news	1070
year	1046
say	1014
police	939
man	926
day	829
win	822
county	688
school	677
home	660
ice	637
old	623
house	623
iranian	614
court	605
judge	599
law	599
tournament	593
tsa	567
israel	559
season	549
amid	548
killed	537
top	520
know	520
game	519
woman	519
week	512
kings	499
city	490
crash	476
oil	464
east	441
high	440
florida	434
world	426
guerra	424
big	423
federal	413
back	405
accused	404
women	399
family	390
found	386
lead	380
announces	356
security	355
supreme	348
ncaa	345
arrested	339
video	333
million	332
results	331
officials	320
america	318
prices	314
scores	313
dies	309
basketball	308
shooting	307
years	305
watch	298
numbers	293
worldnetdaily	285
case	284
winning	284
across	273
leader	271
death	267
china	265
mas	263
dead	260
photos	259
time	253
investors	245
airport	244
dhs	243
live	240
child	239
michigan	237
reports	236
show	230
west	229
middle	229
health	228
team	228
tras	219
arizona	214
run	210
report	207
attack	205
beat	203
senate	203
past	201
lottery	196
pick	196
rep	194
trade	193
action	191
com	191
fire	190
latest	186
cuba	184
president	182
mundial	182
california	178
shot	176
gas	174
dice	173
end	172
venezuela	171
breaking	168
power	162
naturalnews	157
mexico	155
houston	154
primary	154
district	151
free	150
friday	149
interest	146
hawaii	145
near	144
medio	144
saturday	142
flooding	141
people	139
star	135
petroleo	132
stock	129
colombia	129
hit	128
loss	127
madness	127
dallas	125
nasdaq	123
newsmax	122
prompts	121
democrats	121
rate	118
spring	118
mientras	118
deal	117
oscar	117
gobierno	116
runoff	114
future	114
daily	112
worst	110
fin	110
credit	110
firm	109
play	109
series	108
evacuations	108
center	107
presidential	107
estan	106
conference	104
segun	104
times	103
justice	101
podria	101
leaders	101
card	100
unidos	100
plan	100
next	98
month	98
election	98
today	96
weather	96
air	95
crisis	95
nfl	95
york	94
strikes	93
beisbol	93
clasico	93
legal	92
start	92
estrecho	92
ormuz	92
take	92
james	91
market	89
inc	89
faces	89
best	89
north	88
illegal	87
military	86
fraud	86
make	86
help	86
nearly	86
stocks	85
get	85
data	84
plans	84
men	84
hospital	83
ahead	83
return	83
odds	83
hormuz	83
protests	82
finds	82
agency	82
nyse	82
thursday	81
joe	80
bob	80
unruh	79
streak	78
virginia	78
community	77
call	77
white	75
bill	74
sen	73
foundation	69
dems	68
caller	67
democrat	66
epstein	65
american	65
strait	64
gop	64
rob	62
operation	61
regime	61
media	59
exclusive	58
energy	58
caught	54
act	54
epic	54
save	51
doj	51
global	51
strike	49
fbi	49
funding	49
biden	49
fury	49
americans	49
shutdown	48
hegseth	47
red	47
anti	47
threat	46
netanyahu	45
vance	45
chief	44
attacks	44
real	44
