outlet,tiktok handle,platform,media_type,usable (human review),profile_type,notes
New York Times,,online_news,print_native,,outlet,
washingtonpost.com,,online_news,print_native,,,
csmonitor.com,,online_news,print_native,,outlet,
USA Today,,online_news,print_native,,outlet,
latimes.com,,online_news,print_native,,outlet,
nypost.com,,online_news,print_native,,outlet,
chicagotribune.com,,online_news,print_native,,outlet,
chron.com,,online_news,print_native,,outlet,
Dallas Morning News,,online_news,print_native,,outlet,
Newsday,,online_news,print_native,,outlet,
sfgate.com,,online_news,digital_native,,outlet,
Boston Globe,,online_news,,,outlet,
startribune.com,,online_news,print_native,,outlet,
Tampa Bay Times,,online_news,print_native,,outlet,
Orange County Register,,online_news,print_native,,outlet,
Sac Bee,,online_news,print_native,,outlet,
miamiherald.com,,online_news,print_native,,outlet,
Kansas City Star,,online_news,print_native,,outlet,
Baltimore Sun,,online_news,print_native,,outlet,
San Jose Mercury News,,online_news,print_native,,outlet,
Milwaukee Journal Sentinel,,online_news,print_native,,outlet,
Orlando Sentinel,,online_news,print_native,,outlet,
sun-sentinel.com,,online_news,print_native,,outlet,
Columbus Dispatch,,online_news,print_native,,outlet,
Pittsburgh Post-Gazette,,online_news,print_native,,outlet,
St.Paul Pioneer-Press,,online_news,print_native,,outlet,
Omaha World-Herald,,online_news,print_native,,outlet,
arkansasonline.com,,online_news,,,outlet,
The Buffalo News,,online_news,print_native,,outlet,
Hartford Courant,,online_news,print_native,,outlet,
Talking Points Memo,,online_news,digital_native,,outlet,
Daily Kos,,online_news,digital_native,,outlet,
Hot Air,,online_news,digital_native,,outlet,
RedState,,online_news,digital_native,,outlet,
Taegan Goddard's Political Wire,,online_news,digital_native,,outlet,
The New Replublic,,online_news,print_native,,outlet,
FactCheck,,online_news,digital_native,,outlet,
RealClearPolitics,,online_news,digital_native,,outlet,
Reuters,,online_news,other,,outlet,
foxnews.com,,online_news,video_broadcast,,outlet,
CNN,,online_news,video_broadcast,,outlet,
npr.org,,online_news,video_broadcast,,outlet,
newsweek.com,,online_news,,,outlet,
usnews.com,,online_news,print_native,,outlet,
newyorker.com,,online_news,print_native,,outlet,
Forbes,,online_news,print_native,,outlet,
fortune.com,,online_news,print_native,,outlet,
theatlantic.com,,online_news,print_native,,outlet,
Mother Jones,,online_news,print_native,,outlet,
Harper's Magazine,,online_news,print_native,,outlet,
thenation.com,,online_news,,,outlet,
National Review,,online_news,print_native,,outlet,
NewsBusters,,online_news,digital_native,,outlet,
Raw Story,,online_news,digital_native,,outlet,
cleveland.com,,online_news,digital_native,,outlet,
UPI,,online_news,other,,outlet,
thedailybeast.com,,online_news,digital_native,,outlet,
cbsnews.com,,online_news,video_broadcast,,outlet,
cnbc.com,,online_news,video_broadcast,,outlet,
salon.com,,online_news,digital_native,,outlet,
cnet.com,,online_news,digital_native,,outlet,
time.com,,online_news,,,outlet,
TechCrunch,,online_news,,,outlet,
espn.com,,online_news,,,outlet,
Gizmodo,,online_news,,,outlet,
Rolling Stone,,online_news,print_native,,outlet,
Mashable!,,online_news,digital_native,,outlet,
E! Online,,online_news,video_broadcast,,outlet,
Gawker,,online_news,digital_native,,outlet,
FiveThirtyEight,,online_news,digital_native,,outlet,
businessweek.com,,online_news,print_native,,outlet,
Jezebel,,online_news,digital_native,,outlet,
buzzfeed.com,,online_news,digital_native,,outlet,
politico.com,,online_news,,,outlet,
arstechnica.com,,online_news,digital_native,,outlet,
OpenSecrets,,online_news,digital_native,,outlet,
Hollywood Reporter,,online_news,print_native,,outlet,
weeklystandard.com,,online_news,print_native,,outlet,
The Wrap,,online_news,digital_native,,outlet,
businessinsider.com,,online_news,digital_native,,outlet,
Daily Caller,,online_news,digital_native,,outlet,
variety.com,,online_news,print_native,,outlet,
PJ Media,,online_news,digital_native,,outlet,
Billboard,,online_news,print_native,,outlet,
Mongabay,,online_news,digital_native,,outlet,
breitbart.com,,online_news,digital_native,,outlet,
maxpreps.com,,online_news,,,outlet,
postandcourier.com,,online_news,,,outlet,
slate.com,,online_news,digital_native,,outlet,
Townhall,,online_news,digital_native,,outlet,
rollcall.com,,online_news,print_native,,outlet,
bizjournals.com,,online_news,digital_native,,outlet,
CNS News,,online_news,digital_native,,outlet,
livescience.com,,online_news,digital_native,,outlet,
propublica.org,,online_news,digital_native,,outlet,
pitchfork.com,,online_news,digital_native,,outlet,
Vanity Fair,,online_news,print_native,,outlet,
CSPAN,,online_news,video_broadcast,,outlet,
observer.com,,online_news,digital_native,,outlet,
Stars and Stripes,,online_news,print_native,,outlet,
The Week,,online_news,print_native,,outlet,
The Street,,online_news,digital_native,,outlet,
American Spectator,,online_news,print_native,,outlet,
PRI,,online_news,video_broadcast,,outlet,
Benzinga,,online_news,digital_native,,outlet,
TheBlaze,,online_news,digital_native,,outlet,
techradar.com,,online_news,,,outlet,
Truthout,,online_news,digital_native,,outlet,
Kapitall Wire,,online_news,digital_native,,outlet,
Deadspin,,online_news,digital_native,,outlet,
San Antonio Express News,,online_news,video_broadcast,,outlet,
ajc.com,,online_news,print_native,,outlet,
National Catholic Register,,online_news,print_native,,outlet,
colorlines.com,,online_news,digital_native,,outlet,
hollywoodlife.com,,online_news,,,outlet,
opposingviews.com,,online_news,digital_native,,outlet,
newsone.com,,online_news,digital_native,,outlet,
NBC Sports,,online_news,video_broadcast,,outlet,
radaronline.com,,online_news,print_native,,outlet,
US Weekly,,online_news,print_native,,outlet,
Bleacher Report,,online_news,digital_native,,outlet,
seattletimes.com,,online_news,print_native,,outlet,
AZCentral,,online_news,digital_native,,outlet,
St. Louis Post Dispatch,,online_news,print_native,,outlet,
creators.com,,online_news,other,,outlet,
eurweb,,online_news,digital_native,,outlet,
newsmax.com,,online_news,digital_native,,outlet,
National Memo,,online_news,digital_native,,outlet,
patriotpost.us,,online_news,digital_native,,outlet,
centralmaine.com,,online_news,,,outlet,
cbssports.com,,online_news,video_broadcast,,outlet,
gazettenet.com,,online_news,print_native,,outlet,
rutlandherald.com,,online_news,print_native,,outlet,
opednews.com,,online_news,digital_native,,outlet,
cincinnati.com,,online_news,digital_native,,outlet,
Inquisitr,,online_news,digital_native,,outlet,
IndieWire,,online_news,,,outlet,
Investors,,online_news,print_native,,outlet,
Grist,,online_news,digital_native,,outlet,
huffpost.com,,online_news,digital_native,,outlet,
The HayWord -,,online_news,,,outlet,
Press-Republican,,online_news,print_native,,outlet,
pewstates.org,,online_news,,,,
rttnews,,online_news,digital_native,,outlet,
TheRealNews.com,,online_news,digital_native,,outlet,
buy.barrons.com,,online_news,,,outlet,
Parade,,online_news,print_native,,outlet,
openx.ncronline.org,,online_news,,,outlet,
NBC Breaking News,,online_news,digital_native,,,
Market Watch,,online_news,,,outlet,
scientificamerican.com,,online_news,,,outlet,
monstersandcritics,,online_news,digital_native,,outlet,
abcnews.go.com,,online_news,,,outlet,
zdnet.com,,online_news,,,outlet,
HonululuAdvertiser,,online_news,print_native,,outlet,
wired.com,,online_news,,,outlet,
bloomberg.com,,online_news,,,outlet,
Engadget,,online_news,,,outlet,
ibtimes.com,,online_news,,,outlet,
sentinelsource.com,,online_news,print_native,,outlet,
theconversation.com,,online_news,,,outlet,
syracuse.com,,online_news,,,outlet,
TMZ.com,,online_news,,,outlet,
AlterNet,,online_news,,,outlet,
News Blaze,,online_news,,,outlet,
MLive.com,,online_news,,,outlet,
Quartz,,online_news,,,outlet,
s.ign.com,,online_news,,,outlet,
s.sbnation.com,,online_news,,,outlet,
AirforceTimes,,online_news,print_native,,outlet,
x.uproxx.com,,online_news,,,outlet,
amp.providencejournal.com,,online_news,,,outlet,
fansided.com,,online_news,,,outlet,
shop.americanfreepress.net,,online_news,,,outlet,
live.polygon.com,,online_news,,,outlet,
cdn29.elitedaily.com,,online_news,,,outlet,
ArmyTimes,,online_news,print_native,,outlet,
NavyTimes,,online_news,print_native,,outlet,
amp.fayobserver.com,,online_news,,,outlet,
Entertainment Weekly,,online_news,print_native,,outlet,
norwichbulletin.com,,online_news,print_native,,outlet,
oregonlive.com,,online_news,,,outlet,
nhgazette.com,,online_news,print_native,,outlet,
pilotonline.com,,online_news,print_native,,outlet,
marinetimes.com,,online_news,print_native,,outlet,
http://www.popmatters.com/feeds/,,online_news,,,outlet,
amp.ledger-enquirer.com,,online_news,,,outlet,
Fusion,,online_news,digital_native,,outlet,
newsy,,online_news,digital_native,,outlet,
indystar.com,,online_news,,,outlet,
Access Hollywood,,online_news,digital_native,,outlet,
x17online.com,,online_news,digital_native,,outlet,
eater.com,,online_news,,,outlet,
files.saturdayeveningpost.com,,online_news,,,outlet,
bustle.com,,online_news,,,outlet,
hudsonvalley360.com,,online_news,,,,
vox.com,,online_news,digital_native,,outlet,
Refinery29,,online_news,,,outlet,
Daily Signal,,online_news,,,outlet,
talkingnewmedia.com,,online_news,digital_native,,outlet,
Inquirer,,online_news,,,outlet,
theverge,,online_news,,,outlet,
MintPress News,,online_news,digital_native,,outlet,
Mic,,online_news,digital_native,,outlet,
The PostGame,,online_news,digital_native,,outlet,
recorder.com,,online_news,print_native,,outlet,
AxcessNews,,online_news,digital_native,,outlet,
One America News Network,,online_news,digital_native,,outlet,
berkshireeagle.com,,online_news,print_native,,outlet,
thrillist.com,,online_news,,,outlet,
Red Herring,,online_news,print_native,,outlet,
axs.com,,online_news,digital_native,,outlet,
247sports.com,,online_news,digital_native,,outlet,
augustachronicle.com,,online_news,,,outlet,
Sporting News - Real Insight. Real Fans. Real Conversations.,,online_news,,,outlet,
Indian Country Today,,online_news,print_native,,outlet,
Cherokee Phoenix,,online_news,,,outlet,
sandiegouniontribune.com,,online_news,print_native,,outlet,
theintercept.com,,online_news,,,outlet,
pbs.org,,online_news,,,outlet,
www.foxsports.com,,online_news,,,outlet,
Scout,,online_news,digital_native,,outlet,
Talk Media News,,online_news,digital_native,,outlet,
Daily Source,,online_news,digital_native,,outlet,
lexisnexis.com,,online_news,,,,
people.com,,online_news,,,outlet,
Polish American Journal,,online_news,print_native,,outlet,
Schwartzreport,,online_news,digital_native,,outlet,
vice.com,,online_news,digital_native,,outlet,
ms.now (msnbc),,online_news,,,outlet,
GQ,,online_news,,,outlet,
Fox Business,,online_news,,,outlet,
Daily Dot,,online_news,,,outlet,
indiancountrynews.com,,online_news,,,outlet,
nationalenquirer.com,,online_news,print_native,,outlet,
The Root,,online_news,,,outlet,
The Denver Post,,online_news,print_native,,outlet,
hollywoodweekly,,online_news,print_native,,outlet,
freep.com,,online_news,print_native,,outlet,
nbcnews.com,,online_news,,,outlet,
theguardian.com,,online_news,print_native,,outlet,
ICT (formerly Indian Country Today),,online_news,,,outlet,